-- phpMyAdmin SQL Dump
-- version 5.1.1
-- https://www.phpmyadmin.net/
--
-- Host: localhost
-- Generation Time: Feb 15, 2023 at 08:32 PM
-- Server version: 10.4.27-MariaDB-cll-lve
-- PHP Version: 7.4.27

SET SQL_MODE = "NO_AUTO_VALUE_ON_ZERO";
START TRANSACTION;
SET time_zone = "+00:00";


/*!40101 SET @OLD_CHARACTER_SET_CLIENT=@@CHARACTER_SET_CLIENT */;
/*!40101 SET @OLD_CHARACTER_SET_RESULTS=@@CHARACTER_SET_RESULTS */;
/*!40101 SET @OLD_COLLATION_CONNECTION=@@COLLATION_CONNECTION */;
/*!40101 SET NAMES utf8mb4 */;

--
-- Database: `heartbit_cosshop_db`
--

-- --------------------------------------------------------

--
-- Table structure for table `tbl_bank`
--

CREATE TABLE `tbl_bank` (
  `b_id` int(11) NOT NULL COMMENT 'ไอดีบัญชีธนาคาร',
  `b_name` varchar(100) NOT NULL COMMENT 'ชื่อบัญชี',
  `b_type` varchar(100) NOT NULL COMMENT 'ประเภทบัญชี',
  `b_number` varchar(20) NOT NULL COMMENT 'เลขบัญชีธนาคาร',
  `b_owner` varchar(100) NOT NULL COMMENT 'ชื่อเจ้าของบัญชี',
  `bn_name` varchar(100) NOT NULL COMMENT 'สาขาของบัญชีธนาคาร',
  `b_logo` varchar(250) NOT NULL COMMENT 'โลโกธนาคาร'
) ENGINE=InnoDB DEFAULT CHARSET=utf8 COLLATE=utf8_general_ci;

--
-- Dumping data for table `tbl_bank`
--

INSERT INTO `tbl_bank` (`b_id`, `b_name`, `b_type`, `b_number`, `b_owner`, `bn_name`, `b_logo`) VALUES
(7, 'SCB ไทยพาณิชย์', 'ออมทรัพย์', '408-501946-8', 'มนัสนันท์ นุตาลัย', '-', '7529165320230115_002519.jpg'),
(8, 'KBANK กสิกรไทย', 'ออมทรัพย์', '006-865135-2', 'มนัสนันท์ นุตาลัย', '-', '162664163820230115_002730.jpg'),
(9, 'พร้อมเพย์', 'ออมทรัพย์', '065-895-6698', 'มนัสนันท์ นุตาลัย', '-', '59321426120230208_202043.png'),
(10, 'True money wallet', 'ออมทรัพย์', '065-895-6698', 'มนัสนันท์ นุตาลัย', '-', '112274971320230208_201942.webp');

-- --------------------------------------------------------

--
-- Table structure for table `tbl_currency`
--

CREATE TABLE `tbl_currency` (
  `currency_id` int(11) NOT NULL COMMENT 'ไอดีค่าเงิน',
  `currency_rate` float NOT NULL COMMENT 'เรทค่าเงิน',
  `date_update` timestamp NOT NULL DEFAULT current_timestamp() ON UPDATE current_timestamp() COMMENT 'วันที่อัพเดต'
) ENGINE=InnoDB DEFAULT CHARSET=utf8 COLLATE=utf8_general_ci;

--
-- Dumping data for table `tbl_currency`
--

INSERT INTO `tbl_currency` (`currency_id`, `currency_rate`, `date_update`) VALUES
(1, 4.83643, '2023-01-25 15:25:40'),
(2, 4.83611, '2023-01-25 15:56:06'),
(3, 4.826, '2023-01-25 19:39:23'),
(4, 4.82442, '2023-01-25 19:44:43'),
(5, 4.81624, '2023-01-26 07:16:19'),
(6, 4.83298, '2023-01-28 17:25:44'),
(7, 4.84706, '2023-01-31 04:05:49'),
(8, 4.97078, '2023-02-06 17:33:23');

-- --------------------------------------------------------

--
-- Table structure for table `tbl_member`
--

CREATE TABLE `tbl_member` (
  `member_id` int(11) NOT NULL COMMENT 'ไอดีผู้ใช้งาน',
  `m_user` varchar(20) NOT NULL COMMENT 'ชื่อผู้ใช้งาน',
  `m_pass` varchar(250) NOT NULL COMMENT 'รหัสผ่าน',
  `m_level` varchar(50) NOT NULL COMMENT 'ระดับของบัญชี (ผู้ดูแล,สมาชิก)',
  `m_name` varchar(100) NOT NULL COMMENT 'ชื่อ-นามสกุล ผู้ใช้งาน',
  `m_email` varchar(100) NOT NULL COMMENT 'อีเมล์ผู้ใช้งาน',
  `m_tel` varchar(20) NOT NULL COMMENT 'เบอร์โทรศัพท์',
  `m_address` text NOT NULL COMMENT 'ที่อยู่ผู้ใช้งาน',
  `m_img` varchar(250) NOT NULL COMMENT 'รูปประจำตัวผู้ใช้งาน',
  `date_save` timestamp NOT NULL DEFAULT current_timestamp() COMMENT 'วันที่บันทึกข้อมูล'
) ENGINE=InnoDB DEFAULT CHARSET=utf8 COLLATE=utf8_general_ci;

--
-- Dumping data for table `tbl_member`
--

INSERT INTO `tbl_member` (`member_id`, `m_user`, `m_pass`, `m_level`, `m_name`, `m_email`, `m_tel`, `m_address`, `m_img`, `date_save`) VALUES
(17, 'user', '6ad14ba9986e3615423dfca256d04e3f', 'member', 'Mr.UserMan', 'deadhunterkill@gmail.com', '0000000000', 'Test City 00', '159215538220230123_224924.png', '2023-01-23 15:49:24'),
(18, 'admin', '21232f297a57a5a743894a0e4a801fc3', 'admin', 'AdminTest', 'admin@example.com', '0855555555', 'Admin city', '207005626820230124_020313.jpg', '2023-01-23 16:27:36'),
(21, 'Shiyuwa', '095e081f7a3e519f777ece7e9120b55a', 'admin', 'Manassanan Nutalaya', 'sanan.wwa@gmail.com', '0658956698', 'กรุณากรอกที่อยู่จริง', '32593346120230126_205437.png', '2023-01-26 13:54:37'),
(22, 'yuukung', 'ce9dbd75f165a7a0ea1615e048585129', 'member', 'กรวิท ลีลาบัณฑิต', 'yuukung44@gmail.com', '0958066706', '46 ถ.กรุงเทพ-นนท์ 2 ซ.กรุงเทพ-นนท์ 2 แยก 3 ต.บางเขน อ.เมือง จ.นนทบุรี 11000', '191475787520230127_155016.jpg', '2023-01-27 08:50:17'),
(23, 'scentxpart', 'b06a29e3f38cac748013f4b008c036af', 'admin', 'เอื้ออังกูร นุตาลัย', 'euaangkoon.n@gmail.com', '0851926998', '1010/44 ถ.วิเชียรโชฏก ต.มหาชัย อ.เมือง จ.สมุทรสาคร 74000', '122050619520230128_131941.jpg', '2023-01-28 06:19:41'),
(25, 'nuinui', '42443174bddb6bd5905c9594282df038', 'member', 'หนุ่ย เอง', 'nawapon-c@rmutp.ac.th', '0830585275', 'กรุงเทพ', '99905719520230207_005404.jpg', '2023-02-02 09:30:28'),
(29, 'yuukung01', 'ce9dbd75f165a7a0ea1615e048585129', 'verify', 'กรวิท ลีลาบัณฑิต', 'korawit-l@rmutp.ac.th', '0863977236', '46\r\n', '95244235420230214_042422.jpg', '2023-02-13 21:24:22');

-- --------------------------------------------------------

--
-- Table structure for table `tbl_order`
--

CREATE TABLE `tbl_order` (
  `order_id` int(11) UNSIGNED ZEROFILL NOT NULL COMMENT 'ไอดีคำสั่งซื้อ',
  `member_id` int(11) NOT NULL COMMENT 'ไอดีผู้สั่งซื้อ',
  `order_name` varchar(100) NOT NULL COMMENT 'ชื่อผู้สั่งซื้อ',
  `order_email` varchar(100) NOT NULL COMMENT 'อีเมล์ผู้สั่งซื้อ',
  `order_tel` varchar(20) NOT NULL COMMENT 'เบอร์โทรศัพท์ผู้สั่งซื้อ',
  `order_address` varchar(200) NOT NULL COMMENT 'ที่อยู่ผู้สั่งซื้อ',
  `order_img1` varchar(250) NOT NULL COMMENT 'หลักฐานการโอนมัดจำ',
  `order_img2` varchar(250) NOT NULL COMMENT 'หลักฐานการโอนค่าคงเหลือ',
  `order_price_total` int(11) NOT NULL COMMENT 'ราคารวม',
  `order_price_first` float NOT NULL COMMENT 'ราคารวมของมัดจำ',
  `order_price_second` float NOT NULL COMMENT 'ราคารวมของค่าคงเหลือ',
  `order_status` int(11) NOT NULL COMMENT 'สถานะการชำระเงิน',
  `order_deliver` int(11) NOT NULL COMMENT 'สถานะการส่งพัสดุ',
  `order_parcel` varchar(30) NOT NULL COMMENT 'เลขพัสดุ',
  `order_date` timestamp NOT NULL DEFAULT current_timestamp() ON UPDATE current_timestamp() COMMENT 'วันที่บันทึกข้อมูล'
) ENGINE=InnoDB DEFAULT CHARSET=utf8 COLLATE=utf8_general_ci;

--
-- Dumping data for table `tbl_order`
--

INSERT INTO `tbl_order` (`order_id`, `member_id`, `order_name`, `order_email`, `order_tel`, `order_address`, `order_img1`, `order_img2`, `order_price_total`, `order_price_first`, `order_price_second`, `order_status`, `order_deliver`, `order_parcel`, `order_date`) VALUES
(00000000015, 2, 'member Tester', 'membertest@test.com', '0931294710', 'กรุงเทพมหานคร', '', '0', 1843, 689.9, 1153.1, 1, 0, '', '2023-01-22 20:00:51'),
(00000000016, 2, 'member Tester', 'membertest@test.com', '0931294710', 'กรุงเทพมหานคร', '', '0', 1396, 698, 698, 1, 0, '', '2023-01-22 20:02:57'),
(00000000017, 3, 'wootsaro', 'devtai2@gmail.com', '0852134657', 'กรุงเทพมหานคร', '', '0', 1014, 507, 507, 1, 0, '', '2023-01-23 10:13:48'),
(00000000018, 3, 'wootsaro', 'devtai2@gmail.com', '0852134657', 'กรุงเทพมหานคร', '', '0', 1014, 507, 507, 1, 0, '', '2023-01-23 10:15:12'),
(00000000019, 3, 'wootsaro', 'devtai2@gmail.com', '0852134657', 'กรุงเทพมหานคร', '', '0', 5212, 2711.3, 2500.7, 1, 0, '', '2023-01-23 10:18:43'),
(00000000020, 3, 'wootsaro', 'devtai2@gmail.com', '0852134657', 'กรุงเทพมหานคร', '', '0', 961, 248.9, 712.1, 1, 0, '', '2023-01-23 10:23:01'),
(00000000021, 2, 'member Tester', 'membertest@test.com', '0931294710', 'กรุงเทพมหานคร', '', '0', 632, 316, 316, 1, 0, '', '2023-01-23 12:03:16'),
(00000000022, 2, 'member Tester', 'membertest@test.com', '0931294710', 'กรุงเทพมหานคร', '', '0', 632, 316, 316, 1, 0, '', '2023-01-23 12:07:27'),
(00000000023, 2, 'member Tester', 'membertest@test.com', '0931294710', 'กรุงเทพมหานคร', '', '0', 1646, 823, 823, 1, 0, '', '2023-01-23 12:12:16'),
(00000000024, 2, 'member Tester', 'membertest@test.com', '0931294710', 'กรุงเทพมหานคร', '', '0', 632, 316, 316, 1, 0, '', '2023-01-23 12:18:12'),
(00000000025, 2, 'member Tester', 'membertest@test.com', '0931294710', 'กรุงเทพมหานคร', '', '0', 632, 316, 316, 1, 0, '', '2023-01-23 12:24:08'),
(00000000026, 2, 'member Tester', 'membertest@test.com', '0931294710', 'กรุงเทพมหานคร', '', '0', 632, 316, 316, 1, 0, '', '2023-01-23 12:24:35'),
(00000000027, 2, 'member Tester', 'membertest@test.com', '0931294710', 'กรุงเทพมหานคร', 'pro_63ce7ce279e36.jpg', '0', 632, 316, 316, 1, 0, '', '2023-01-23 12:26:10'),
(00000000028, 2, 'ทดสอบใส่ภาพ', 'membertest@test.com', '0931294710', 'กรุงเทพมหานคร', '62326593320230123_192825.jpg', '0', 632, 316, 316, 1, 0, '', '2023-01-23 12:28:25'),
(00000000029, 2, 'testawitch', 'membertest@test.com', '0931294710', 'กรุงเทพมหานคร', '160774823120230123_193041.jpg', '0', 632, 316, 316, 1, 0, '', '2023-01-23 12:30:41'),
(00000000030, 2, 'member Tester', 'membertest@test.com', '0931294710', 'กรุงเทพมหานคร', '169396393920230123_193124.jpg', '0', 632, 316, 316, 1, 0, '', '2023-01-23 12:31:24'),
(00000000031, 2, 'member Tester', 'membertest@test.com', '0931294710', 'กรุงเทพมหานคร', '180321291820230123_193209.jpg', '0', 632, 316, 316, 2, 1, '-', '2023-01-26 10:07:01'),
(00000000032, 2, 'member Tester', 'membertest@test.com', '0931294710', 'กรุงเทพมหานคร', '137069674220230123_193227.jpg', '0', 632, 316, 0, 4, 6, '-', '2023-01-25 19:26:53'),
(00000000037, 21, 'Manassanan Nutalaya', 'sanan.wwa@gmail.com', '0658956698', 'กรุณากรอกที่อยู่จริง', '214175504620230126_205600.png', '0', 2292, 2292, 0, 3, 2, '-', '2023-01-26 13:57:33'),
(00000000038, 21, 'Manassanan Nutalaya', 'sanan.wwa@gmail.com', '0658956698', 'กรุณากรอกที่อยู่จริง', '102990334420230126_205950.png', '86233021220230126_210038.png', 160, 80, 0, 4, 5, '-', '2023-01-26 14:01:06'),
(00000000039, 22, 'กรวิท ลีลาบัณฑิต', 'yuukung44@gmail.com', '0958066706', '46 ถ.กรุงเทพ-นนท์ 2 ซ.กรุงเทพ-นนท์ 2 แยก 3 ต.บางเขน อ.เมือง จ.นนทบุรี 11000', '13089837720230127_185452.jpg', '110901693420230127_185538.jpg', 329, 164.5, 0, 4, 0, '-', '2023-01-27 11:55:51'),
(00000000041, 22, 'กรวิท ลีลาบัณฑิต', 'yuukung44@gmail.com', '0958066706', '46 ถ.กรุงเทพ-นนท์ 2 ซ.กรุงเทพ-นนท์ 2 แยก 3 ต.บางเขน อ.เมือง จ.นนทบุรี 11000', '81143381920230127_201411.jfif', '0', 580, 580, 0, 1, 1, '-', '2023-01-27 13:15:43'),
(00000000048, 17, 'User For Test', 'deadhunterkill@gmail.com', '0000000000', 'Test City 00', '147279684820230130_181419.png', '0', 6554, 1310.8, 5243.2, 5, 7, '-', '2023-01-30 11:16:50'),
(00000000049, 17, 'User For Test', 'deadhunterkill@gmail.com', '0000000000', 'Test City 00', '29618991220230130_181433.png', '0', 1852, 1852, 1500, 1, 0, '-', '2023-01-30 11:31:49'),
(00000000050, 17, 'User For Test', 'deadhunterkill@gmail.com', '0000000000', 'Test City 00', '129726526720230130_181443.png', '0', 351, 351, 200, 2, 1, '-', '2023-01-30 11:30:33'),
(00000000051, 17, 'User For Test', 'deadhunterkill@gmail.com', '0000000000', 'Test City 00', '145358814620230130_181500.png', '0', 759, 759, 400, 2, 2, '-', '2023-01-30 11:30:33'),
(00000000052, 17, 'User For Test', 'deadhunterkill@gmail.com', '0000000000', 'Test City 00', '56888610720230130_181513.png', '0', 1552, 1552, 1123, 3, 3, '-', '2023-02-14 02:33:27'),
(00000000053, 17, 'User For Test', 'deadhunterkill@gmail.com', '0000000000', 'Test City 00', '211461247520230130_181538.png', '81971187620230207_153249.png', 766, 766, 0, 4, 3, '-', '2023-02-07 08:38:59'),
(00000000054, 17, 'User For Test', 'deadhunterkill@gmail.com', '0000000000', 'Test City 00', '180799051920230130_181600.png', '103447950320230131_112600.png', 3277, 655.4, 0, 4, 4, '-', '2023-01-31 04:33:01'),
(00000000055, 17, 'User For Test', 'deadhunterkill@gmail.com', '0000000000', 'Test City 00', '130128848920230130_181619.png', '0', 383, 383, 0, 4, 5, '123456789', '2023-02-08 12:58:09'),
(00000000056, 17, 'User For Test', 'deadhunterkill@gmail.com', '0000000000', 'Test City 00', '136955563020230130_182516.png', '0', 546, 546, 0, 4, 6, '123456789', '2023-01-30 11:25:44'),
(00000000059, 17, 'User For Test', 'deadhunterkill@gmail.com', '0000000000', 'Test City 00', '143910979820230207_003823.png', '17724219520230209_145057.png', 6722, 1344.4, 0, 4, 3, '-', '2023-02-14 02:33:05'),
(00000000061, 28, 'เอื้ออังกูร นุตาลัย', 'eua-angkoon-n@rmutp.ac.th', '0851926990', 'บางซื่อ กรุงเทพมหานคร', '181769328620230209_144548.png', '0', 7508, 2130.4, 5377.6, 1, 0, '123', '2023-02-09 07:58:06'),
(00000000062, 17, 'Mr.UserMan', 'deadhunterkill@gmail.com', '0000000000', 'Test City 00', '96756389320230214_060804.PNG', '0', 3958, 1269.2, 2688.8, 1, 0, '', '2023-02-13 23:08:04');

-- --------------------------------------------------------

--
-- Table structure for table `tbl_order_detail`
--

CREATE TABLE `tbl_order_detail` (
  `detail_id` int(11) NOT NULL COMMENT 'ไอดีรายละเอียดคำสั่งซื้อ',
  `order_id` int(11) UNSIGNED ZEROFILL NOT NULL COMMENT 'ไอดีรายการคำสั่งซื้อ',
  `p_id` int(11) NOT NULL COMMENT 'ไอดีสินค้า',
  `member_id` int(11) NOT NULL COMMENT 'ไอดีผู้สั่งซื้อ',
  `detail_qty` int(11) NOT NULL COMMENT 'จำนวนสินค้าที่สั่งซื้อ',
  `order_detail_price` int(11) NOT NULL COMMENT 'ราคาต่อชิ้น',
  `order_detail_price_f` float NOT NULL COMMENT 'ราคามัดจำต่อชิ้น',
  `order_detail_price_s` float NOT NULL COMMENT 'ราคาค่าคงเหลือต่อชิ้น',
  `order_total` int(11) NOT NULL COMMENT 'ราคารวมต่อสินค้า',
  `order_total_first` float NOT NULL COMMENT 'ราคารวมยอดมัดจำต่อสินค้า',
  `order_total_second` float NOT NULL COMMENT 'ราคารวมยอดคงเหลือต่อสินค้า'
) ENGINE=InnoDB DEFAULT CHARSET=utf8 COLLATE=utf8_general_ci;

--
-- Dumping data for table `tbl_order_detail`
--

INSERT INTO `tbl_order_detail` (`detail_id`, `order_id`, `p_id`, `member_id`, `detail_qty`, `order_detail_price`, `order_detail_price_f`, `order_detail_price_s`, `order_total`, `order_total_first`, `order_total_second`) VALUES
(7, 00000000015, 11, 2, 2, 632, 316, 316, 1264, 632, 632),
(8, 00000000016, 12, 2, 2, 382, 191, 191, 764, 382, 382),
(9, 00000000017, 12, 3, 1, 382, 191, 191, 382, 191, 191),
(10, 00000000018, 12, 3, 1, 382, 191, 191, 382, 191, 191),
(11, 00000000018, 11, 3, 1, 632, 316, 316, 632, 316, 316),
(12, 00000000019, 11, 3, 2, 632, 316, 316, 1264, 632, 632),
(13, 00000000019, 10, 3, 1, 579, 57.9, 521.1, 579, 57.9, 521.1),
(14, 00000000019, 8, 3, 1, 3369, 2021.4, 1347.6, 3369, 2021.4, 1347.6),
(15, 00000000020, 10, 3, 1, 579, 57.9, 521.1, 579, 57.9, 521.1),
(16, 00000000020, 12, 3, 1, 382, 191, 191, 382, 191, 191),
(17, 00000000021, 11, 2, 1, 632, 316, 316, 632, 316, 316),
(18, 00000000022, 11, 2, 1, 632, 316, 316, 632, 316, 316),
(19, 00000000023, 11, 2, 2, 632, 316, 316, 1264, 632, 632),
(20, 00000000023, 12, 2, 1, 382, 191, 191, 382, 191, 191),
(21, 00000000024, 11, 2, 1, 632, 316, 316, 632, 316, 316),
(22, 00000000025, 11, 2, 1, 632, 316, 316, 632, 316, 316),
(23, 00000000026, 11, 2, 1, 632, 316, 316, 632, 316, 316),
(24, 00000000027, 11, 2, 1, 632, 316, 316, 632, 316, 316),
(25, 00000000028, 11, 2, 1, 632, 316, 316, 632, 316, 316),
(26, 00000000030, 11, 2, 1, 632, 316, 316, 632, 316, 316),
(27, 00000000031, 11, 2, 1, 632, 316, 316, 632, 316, 316),
(28, 00000000032, 11, 2, 1, 632, 316, 316, 632, 316, 0),
(38, 00000000037, 5, 21, 6, 382, 382, 0, 2292, 2292, 0),
(39, 00000000038, 57, 21, 1, 160, 80, 80, 160, 80, 0),
(40, 00000000039, 59, 22, 1, 329, 164.5, 164.5, 329, 164.5, 0),
(43, 00000000041, 10, 22, 1, 580, 580, 0, 580, 580, 0),
(50, 00000000048, 65, 17, 2, 3277, 655.4, 2621.6, 6554, 1310.8, 5243.2),
(51, 00000000049, 9, 17, 1, 582, 582, 0, 582, 582, 0),
(52, 00000000049, 11, 17, 2, 635, 635, 0, 1270, 1270, 0),
(53, 00000000050, 56, 17, 1, 351, 351, 0, 351, 351, 0),
(54, 00000000051, 40, 17, 2, 253, 253, 0, 506, 506, 0),
(55, 00000000051, 39, 17, 1, 253, 253, 0, 253, 253, 0),
(56, 00000000052, 32, 17, 1, 1552, 1552, 0, 1552, 1552, 0),
(57, 00000000053, 5, 17, 1, 383, 383, 0, 383, 383, 0),
(58, 00000000053, 6, 17, 1, 383, 383, 0, 383, 383, 0),
(59, 00000000054, 64, 17, 1, 3277, 655.4, 2621.6, 3277, 655.4, 0),
(60, 00000000055, 12, 17, 1, 383, 383, 0, 383, 383, 0),
(61, 00000000056, 43, 17, 2, 273, 273, 0, 546, 546, 0),
(63, 00000000058, 12, 24, 2, 384, 384, 0, 768, 768, 0),
(64, 00000000058, 65, 24, 1, 3282, 656.4, 2625.6, 3282, 656.4, 2625.6),
(65, 00000000059, 64, 17, 2, 3361, 672.2, 2688.8, 6722, 1344.4, 0),
(66, 00000000060, 12, 27, 1, 393, 393, 0, 393, 393, 0),
(67, 00000000060, 64, 27, 1, 3361, 672.2, 2688.8, 3361, 672.2, 2688.8),
(68, 00000000061, 12, 28, 2, 393, 393, 0, 786, 786, 0),
(69, 00000000061, 64, 28, 2, 3361, 672.2, 2688.8, 6722, 1344.4, 5377.6),
(70, 00000000062, 10, 17, 1, 597, 597, 0, 597, 597, 0),
(71, 00000000062, 64, 17, 1, 3361, 672.2, 2688.8, 3361, 672.2, 2688.8);

-- --------------------------------------------------------

--
-- Table structure for table `tbl_product`
--

CREATE TABLE `tbl_product` (
  `p_id` int(11) NOT NULL COMMENT 'รหัสสินค้า',
  `p_name` varchar(200) NOT NULL COMMENT 'ชื่อสินค้า',
  `type_id` int(11) NOT NULL COMMENT 'ประเภทสินค้า',
  `p_detail` text NOT NULL COMMENT 'รายละเอียดสินค้า',
  `p_img` varchar(200) NOT NULL COMMENT 'รูปภาพสินค้า',
  `p_price_cny` int(11) NOT NULL COMMENT 'ราคาเงินหยวน',
  `p_price_thb` int(11) NOT NULL COMMENT 'ราคาเงินบาทที่แปลงแล้ว',
  `p_price_fee` int(11) NOT NULL COMMENT 'ค่านำเข้า',
  `p_price_total` int(11) NOT NULL COMMENT 'ราคารวมทั้งหมด',
  `p_deposit` int(11) NOT NULL COMMENT 'เปอร์เซ็นการชำระมัดจำ',
  `p_deposit_first` float NOT NULL COMMENT 'ราคาชำระค่ามัดจำ',
  `p_deposit_second` float NOT NULL COMMENT 'ราคาชำระค่าคงเหลือ',
  `p_status` varchar(10) NOT NULL COMMENT 'สถานะสินค้า 1 = เปิด 2 = ปิด ',
  `p_view` int(10) NOT NULL DEFAULT 0 COMMENT 'จำนวนการเข้าชม',
  `datesave` timestamp NOT NULL DEFAULT current_timestamp() COMMENT 'วันที่บันทึกข้อมูล'
) ENGINE=InnoDB DEFAULT CHARSET=utf8 COLLATE=utf8_general_ci;

--
-- Dumping data for table `tbl_product`
--

INSERT INTO `tbl_product` (`p_id`, `p_name`, `type_id`, `p_detail`, `p_img`, `p_price_cny`, `p_price_thb`, `p_price_fee`, `p_price_total`, `p_deposit`, `p_deposit_first`, `p_deposit_second`, `p_status`, `p_view`, `datesave`) VALUES
(5, 'เซ็ตสแตนดี้+เข็มกลัด Hutao', 15, 'เซ็ตสแตนดี้คริลิค+เข็มกลัด Lawson x Genshin Impact\r\n☰☰ สินค้าลิขสิทธิ์แท้จาก GenshinImpact ☰☰\r\nขนาดสินค้า \r\nเข็มกลัดโลหะ 58 mm\r\nสแตนดี้อะคริลิค 115x110 mm', '171653960220230120_100215.jpg', 69, 343, 50, 393, 0, 393, 0, 'เปิดการขาย', 12, '2023-01-13 20:27:40'),
(6, 'เซ็ตสแตนดี้+เข็มกลัด Yoimiya', 15, 'เซ็ตสแตนดี้คริลิค+เข็มกลัด Lawson x Genshin Impact\r\n☰☰ สินค้าลิขสิทธิ์แท้จาก GenshinImpact ☰☰\r\nขนาดสินค้า \r\nเข็มกลัดโลหะ 58 mm\r\nสแตนดี้อะคริลิค 115x110 mm\r\nอฟช.จัดส่งสินค้าเดือน 2/66 เป็นต้นไป', '155240650220230120_100146.jpg', 69, 343, 50, 393, 0, 393, 0, 'เปิดการขาย', 6, '2023-01-13 20:28:59'),
(7, 'สแตนดี้อะคริลิคพร้อมฉาก (Ayato&Ayaka)', 11, 'สแตนดี้อะคริลิค Heytea x Genshin Impact\r\n☰☰ สินค้าลิขสิทธิ์แท้จาก #GenshinImpact ☰☰\r\nขนาดสินค้า \r\n▶ สแตนดี้ Ayato 55x135 mm\r\n▶ สแตนดี้ Ayaka 45x115 mm\r\n▶ ฐาน 25x55 mm\r\n▶ ฉากหลัง 120x30 mm\r\n\r\nอฟช.จัดส่งสินค้าเดือน 2/66 เป็นต้นไป', '30311426020230120_100138.jpg', 65, 323, 50, 373, 0, 373, 0, 'เปิดการขาย', 1, '2023-01-13 20:32:34'),
(9, 'วิก Zaion LanZa #Vtuber', 1, '☰☰ ร้าน Manmei ☰☰\r\n\r\nวิก 580 บาท (รวมนำเข้า / ส่งฟรี EMS. / จ่ายรอบเดียว) ||\r\nยาว 35 cm.\r\nเน็ตยืด', '47831448120230120_094703.jpg', 110, 547, 50, 597, 0, 597, 0, 'เปิดการขาย', 2, '2023-01-16 21:51:56'),
(10, 'วิก Kotoka Torahime #Vtuber', 1, '☰☰ ร้าน Manmei ☰☰\r\n\r\nวิก 580 บาท (รวมนำเข้า / ส่งฟรี EMS. / จ่ายรอบเดียว) ||\r\nยาว 68 cm.\r\nเน็ตยืด', '198075763720230120_094629.jpg', 110, 547, 50, 597, 0, 597, 0, 'เปิดการขาย', 64, '2023-01-16 21:52:51'),
(11, 'วิก Meloco Kyoran #Vtuber', 1, '☰☰ ร้าน Manmei ☰☰\r\n\r\nวิก 630 บาท (รวมนำเข้า / ส่งฟรี EMS. / จ่ายรอบเดียว) ||\r\nยาว 100 cm.\r\nเน็ตยืด', '32397008020230120_094559.jpg', 121, 601, 50, 651, 0, 651, 0, 'เปิดการขาย', 10, '2023-01-16 21:59:16'),
(12, 'วิก Doppio Dropscythe #Vtuber', 1, '☰☰ ร้าน Manmei ☰☰\r\n\r\nวิก 480 บาท (รวมนำเข้า / ส่งฟรี EMS. / จ่ายรอบเดียว) ||\r\nยาว 35 cm.\r\nเน็ตยืด', '112328670520230121_051209.jpg', 69, 343, 50, 393, 0, 393, 0, 'เปิดการขาย', 49, '2023-01-16 21:59:57'),
(26, 'ชุด Kiriko #Overwatch2 Size XS', 5, '(รวมนำเข้า / ส่งฟรี EMS. / จ่ายรอบเดียว)\r\n ในชุดประกอบด้วย : เกาะอก เลกกิ้ง เสื้อแจ็คเก็ต ถุงมือ โบว์ผม หน้ากาก หูฟัง ยันต์ คุไน | สัดส่วนชุด ส่วนสูง 155-160 cm. | อก 76-80 cm. | เอว 57-61 cm. | สะโพก 84-88 cm.', '156299549920230124_063625.jpg', 515, 2560, 150, 2710, 0, 2710, 0, 'เปิดการขาย', 1, '2023-01-23 23:36:25'),
(27, 'ชุด Kiriko #Overwatch2 Size S', 5, '(รวมนำเข้า / ส่งฟรี EMS. / จ่ายรอบเดียว)\r\n ในชุดประกอบด้วย : เกาะอก เลกกิ้ง เสื้อแจ็คเก็ต ถุงมือ โบว์ผม หน้ากาก หูฟัง ยันต์ คุไน | สัดส่วน  : ส่วนสูง 160-165 cm. | อก 80-84 cm. | เอว 61-65 cm. | สะโพก 88-92 cm.', '152172262620230124_063811.jpg', 515, 2560, 150, 2710, 0, 2710, 0, 'เปิดการขาย', 6, '2023-01-23 23:38:12'),
(28, 'ชุด Kiriko #Overwatch2 Size M', 5, '(รวมนำเข้า / ส่งฟรี EMS. / จ่ายรอบเดียว)\r\n ในชุดประกอบด้วย : เกาะอก เลกกิ้ง เสื้อแจ็คเก็ต ถุงมือ โบว์ผม หน้ากาก หูฟัง ยันต์ คุไน | สัดส่วน : ส่วนสูง 165-170 cm. | อก 84-88 cm. | เอว 65-69 cm. | สะโพก 92-96 cm.', '144961910720230124_063902.jpg', 515, 2560, 150, 2710, 0, 2710, 0, 'เปิดการขาย', 1, '2023-01-23 23:39:03'),
(29, 'ชุด Kamisato Ayaka #GenshinImpact Size M', 5, '☰☰ ร้าน Lardoo ☰☰\r\n(รวมนำเข้า / ส่งฟรี EMS. / จ่ายรอบเดียว)\r\nในชุดประกอบด้วย : เสื้อแขนยาว ปกเสื้อ สร้อยคอ โบว์หลัง เดรสกระโปรง ถุงน่อง ปลอกแขน วิชั่น โบว์ติดรองเท้า (ไม่มีหมวกและประดับผม) | สัดส่วนชุด : อก 85-90 cm. | เอว 68-73 cm. | สะโพก 91-96 cm. | ส่วนสูง 165-170 cm.', '8498434320230124_064207.jpg', 510, 2535, 150, 2685, 0, 2685, 0, 'เปิดการขาย', 2, '2023-01-23 23:42:07'),
(30, 'ชุด Kamisato Ayaka #GenshinImpact Size L', 5, '☰☰ ร้าน Lardoo ☰☰\r\n(รวมนำเข้า / ส่งฟรี EMS. / จ่ายรอบเดียว)\r\nในชุดประกอบด้วย : เสื้อแขนยาว ปกเสื้อ สร้อยคอ โบว์หลัง เดรสกระโปรง ถุงน่อง ปลอกแขน วิชั่น โบว์ติดรองเท้า (ไม่มีหมวกและประดับผม) | สัดส่วนชุด : อก 90-95 cm. | เอว 73-78 cm. | สะโพก 96-101 cm. | ส่วนสูง 170-175 cm.', '1833708820230124_064253.jpg', 510, 2535, 150, 2685, 0, 2685, 0, 'เปิดการขาย', 0, '2023-01-23 23:42:54'),
(31, 'ชุด Kamisato Ayaka #GenshinImpact Size XL', 5, '☰☰ ร้าน Lardoo ☰☰\r\n(รวมนำเข้า / ส่งฟรี EMS. / จ่ายรอบเดียว)\r\nในชุดประกอบด้วย : เสื้อแขนยาว ปกเสื้อ สร้อยคอ โบว์หลัง เดรสกระโปรง ถุงน่อง ปลอกแขน วิชั่น โบว์ติดรองเท้า (ไม่มีหมวกและประดับผม) | สัดส่วนชุด : อก 95-100 cm. | เอว 78-83 cm. | สะโพก 101-106 cm. | ส่วนสูง 175-180 cm.', '11998913920230124_064401.jpg', 510, 2535, 150, 2685, 0, 2685, 0, 'เปิดการขาย', 1, '2023-01-23 23:44:01'),
(32, 'รูปปั้น Statue of Her Excellency Raiden Shogun', 13, '☰☰ สินค้าลิขสิทธิ์แท้จาก Genshin Impact ☰☰\r\n(รวมนำเข้า / ส่งฟรี EMS. / จ่ายรอบเดียว)\r\nรายละเอียดสินค้า : ขนาด 10.5*7.5*11 ซม |วัสดุ PVC & ABS **สินค้าจัดส่งเดือน 5/23 เป็นต้นไป**', '117249489420230124_064920.jpg', 290, 1442, 150, 1592, 0, 1592, 0, 'เปิดการขาย', 0, '2023-01-23 23:49:21'),
(33, 'Xiao : Mechanical Keyboard', 17, '☰☰ สินค้าลิขสิทธิ์แท้จาก Genshin Impact ☰☰ (รวมนำเข้า / ส่งฟรี EMS. / จ่ายรอบเดียว)\r\nรายละเอียดสินค้า : ขนาด 442*137*36 มม ||108 Standard Keys ||วัสดุ PBT **สินค้าจัดส่งเดือน 12/22 เป็นต้นไป**', '84455769120230124_065222.jpg', 1517, 7541, 300, 7841, 0, 7841, 0, 'เปิดการขาย', 0, '2023-01-23 23:52:23'),
(34, 'ผ้าคลุม Hydro Abyss Mage #GenshinImpact Size S', 5, '☰☰ ร้าน Cosplayfm ☰☰\r\n(รวมนำเข้า / ส่งฟรี EMS. / จ่ายรอบเดียว) ในชุดประกอบด้วย : ผ้าคลุม 1 ชิ้น || สัดส่วนชุด : อก 84-87 cm. | เอว 66-70 cm. | สะโพก 87-92 cm. | ส่วนสูง 155-160 cm.', '52962821520230124_065834.jpg', 235, 1168, 150, 1318, 0, 1318, 0, 'เปิดการขาย', 3, '2023-01-23 23:58:34'),
(35, 'ผ้าคลุม Hydro Abyss Mage #GenshinImpact Size M', 5, '☰☰ ร้าน Cosplayfm ☰☰\r\n(รวมนำเข้า / ส่งฟรี EMS. / จ่ายรอบเดียว) ในชุดประกอบด้วย : ผ้าคลุม 1 ชิ้น || สัดส่วนชุด : อก 89-92 cm. | เอว 72-75 cm. | สะโพก 92-97 cm. | ส่วนสูง 160-165 cm.', '126399838420230124_065917.jpg', 235, 1168, 150, 1318, 0, 1318, 0, 'เปิดการขาย', 1, '2023-01-23 23:59:20'),
(36, 'ผ้าคลุม Hirichurl #GenshinImpact Size M', 5, '☰☰ ร้าน Cosplayfm ☰☰\r\n(รวมนำเข้า / ส่งฟรี EMS. / จ่ายรอบเดียว) ในชุดประกอบด้วย : ผ้าคลุม 1 ชิ้น || สัดส่วนชุด : อก 89-92 cm. | เอว 72-75 cm. | สะโพก 92-97 cm. | ส่วนสูง 160-165 cm.', '155624822120230124_070115.jpg', 335, 1665, 150, 1815, 0, 1815, 0, 'เปิดการขาย', 0, '2023-01-24 00:01:15'),
(37, 'ผ้าคลุม Hirichurl #GenshinImpact Size L', 5, '☰☰ ร้าน Cosplayfm ☰☰\r\n(รวมนำเข้า / ส่งฟรี EMS. / จ่ายรอบเดียว) ในชุดประกอบด้วย : ผ้าคลุม 1 ชิ้น || สัดส่วนชุด : อก 94-97 cm. | เอว 78-81 cm. | สะโพก 97-102 cm. | ส่วนสูง 165-170 cm.', '162141268720230124_070220.jpg', 335, 1665, 150, 1815, 0, 1815, 0, 'เปิดการขาย', 0, '2023-01-24 00:02:35'),
(38, 'คอนแทคเลนส์ Lamu สีแดง รายปี', 9, 'รหัส : CL113 || ราคา / สี / ค่าสายตา : ในภาพ แถมตลับใส่คอนแทคเลนส์ทุกคู่ || ค่าอมน้ำ : 40% || DIA : 14.2-14.5 mm.', '183025083820230124_070502.jpg', 42, 209, 50, 259, 0, 259, 0, 'เปิดการขาย', 1, '2023-01-24 00:05:02'),
(39, 'คอนแทคเลนส์ Lamu สีเหลือง รายปี', 9, 'รหัส : CL114 || ราคา / สี / ค่าสายตา : ในภาพ แถมตลับใส่คอนแทคเลนส์ทุกคู่ || ค่าอมน้ำ : 40% || DIA : 14.2-14.5 mm.', '103305909920230124_070705.jpg', 42, 209, 50, 259, 0, 259, 0, 'เปิดการขาย', 1, '2023-01-24 00:07:05'),
(40, 'คอนแทคเลนส์ Lamu สีฟ้า รายปี', 9, 'รหัส : CL115 || ราคา / สี / ค่าสายตา : ในภาพ แถมตลับใส่คอนแทคเลนส์ทุกคู่ || ค่าอมน้ำ : 40% || DIA : 14.2-14.5 mm', '186015217820230124_070824.jpg', 42, 209, 50, 259, 0, 259, 0, 'เปิดการขาย', 1, '2023-01-24 00:08:36'),
(41, 'คอนแทคเลนส์ Ai Yan Ye สีชมพู รายปี', 9, 'รหัส : CL116 || ราคา / สี / ค่าสายตา : ในภาพ แถมตลับใส่คอนแทคเลนส์ทุกคู่ || ค่าอมน้ำ : 40% || DIA : 14.2-14.5 mm.', '167195949920230124_071105.jpg', 42, 209, 50, 259, 0, 259, 0, 'เปิดการขาย', 1, '2023-01-24 00:11:06'),
(42, 'แว่นตาโกธิคโลลิต้า', 8, '**สินค้าพรีออเดอร์รอ15ถึง20วัน**\r\n#จ่ายรอบเดียวไม่มีจ่ายเพิ่ม', '158778523520230124_071329.jpg', 31, 154, 60, 214, 0, 214, 0, 'เปิดการขาย', 1, '2023-01-24 00:13:30'),
(43, 'หมวกเบเร่ต์น้องหมู', 8, '**สินค้าพรีออเดอร์รอ15ถึง20วัน**\r\n#จ่ายรอบเดียวไม่มีจ่ายเพิ่ม || รหัส : AC009', '82710209020230124_071441.jpg', 44, 219, 60, 279, 0, 279, 0, 'เปิดการขาย', 0, '2023-01-24 00:14:41'),
(44, 'ที่คาดผมหูหมีสีน้ำตาล', 8, '**สินค้าพรีออเดอร์รอ15ถึง20วัน**\r\n#จ่ายรอบเดียวไม่มีจ่ายเพิ่ม || รหัส : AC011', '14676519720230124_071553.jpg', 38, 189, 60, 249, 0, 249, 0, 'เปิดการขาย', 0, '2023-01-24 00:15:54'),
(45, 'พร็อพขนมถังหูลู่', 7, '**สินค้าพรีออเดอร์รอ15ถึง20วัน**\r\n#จ่ายรอบเดียวไม่มีจ่ายเพิ่ม || รหัส : PR033 ||  1 ไม้ มี 6ลูก || ขนาดและวัสดุ : ยาว 30 cm. ลูกถังหูลู่ขนาด 4x3.5 cm. วัสดุโฟม', '192446323220230124_071729.jpg', 19, 94, 60, 154, 0, 154, 0, 'เปิดการขาย', 0, '2023-01-24 00:17:29'),
(46, 'เข็มขัดเก็บดาบ', 7, '**สินค้าพรีออเดอร์รอ15ถึง20วัน**\r\n#จ่ายรอบเดียวไม่มีจ่ายเพิ่ม || รหัส : PR028 || สิ่งที่ได้ : เข็มขัด ซองเก็บดาบ', '17197693820230124_071855.jpg', 38, 189, 60, 249, 0, 249, 0, 'เปิดการขาย', 0, '2023-01-24 00:18:55'),
(47, 'พร็อพลูกแอปเปิ้ลเชื่อมเสียบไม้', 7, '**สินค้าพรีออเดอร์รอ15ถึง20วัน**\r\n#จ่ายรอบเดียวไม่มีจ่ายเพิ่ม || รหัส : PR030 || ขนาด : 1:1 (เท่าขนาดจริง) || วัสดุ : เรซิ่น', '151796879920230124_072026.jpg', 25, 124, 50, 174, 0, 174, 0, 'เปิดการขาย', 2, '2023-01-24 00:20:27'),
(48, 'พร็อพดังโงะ', 7, '**สินค้าพรีออเดอร์รอ15ถึง20วัน**\r\n#จ่ายรอบเดียวไม่มีจ่ายเพิ่ม || รหัส : PR031 || 1 ไม้ มี 3 ลูก สีชมพู สีขาว สีเขียว || ขนาด : 1:1 (เท่าขนาดจริง) || วัสดุ : โฟม', '183380345520230124_072147.jpg', 19, 94, 50, 144, 0, 144, 0, 'เปิดการขาย', 1, '2023-01-24 00:21:58'),
(49, 'รองเท้าทรงบู้ทมาร์ติน ประดับริบบิ้นสีดำ เบอร์ 35', 6, 'ส่งฟรี EMS || รหัส : SH139 || เบอร์ : 35 || ส้นสูง : 3.5 cm.', '103167637620230124_072441.jpg', 79, 393, 100, 493, 0, 493, 0, 'เปิดการขาย', 0, '2023-01-24 00:24:42'),
(50, 'รองเท้าทรงบู้ทมาร์ติน ประดับริบบิ้นสีดำ เบอร์ 36', 6, 'ส่งฟรี EMS || รหัส : SH139 || เบอร์ : 36 || ส้นสูง : 3.5 cm.', '164929286720230124_072626.jpg', 79, 393, 100, 493, 0, 493, 0, 'เปิดการขาย', 2, '2023-01-24 00:26:26'),
(51, 'รองเท้าทรงบู้ทมาร์ติน ประดับริบบิ้นสีดำ เบอร์ 37', 6, 'ส่งฟรี EMS || รหัส : SH139 || เบอร์ : 37 || ส้นสูง : 3.5 cm.', '7278661020230124_072654.jpg', 79, 393, 100, 493, 0, 493, 0, 'เปิดการขาย', 0, '2023-01-24 00:27:10'),
(52, 'รองเท้าทรงบู้ทมาร์ติน ประดับริบบิ้นสีดำ เบอร์ 38', 6, 'ส่งฟรี EMS || รหัส : SH139 || เบอร์ : 38|| ส้นสูง : 3.5 cm.', '2940393720230124_072743.jpg', 79, 393, 100, 493, 0, 493, 0, 'เปิดการขาย', 0, '2023-01-24 00:27:43'),
(53, 'รองเท้าคัทชูโลลิต้า เบอร์ 35', 6, 'ส่งฟรี EMS || รหัส : SH004 || เบอร์ : 35 || สี : ดำ || ส้นสูง : 3-5 cm.', '174695840520230124_072921.jpg', 67, 333, 100, 433, 0, 433, 0, 'เปิดการขาย', 0, '2023-01-24 00:29:21'),
(54, 'รองเท้าคัทชูโลลิต้า เบอร์ 36', 6, 'ส่งฟรี EMS || รหัส : SH004 || เบอร์ : 36 || สี : ดำ || ส้นสูง : 3-5 cm.', '92301210020230124_072940.jpg', 67, 333, 100, 433, 0, 433, 0, 'เปิดการขาย', 0, '2023-01-24 00:29:41'),
(55, 'รองเท้าบู้ทสูงครึ่งแข้ง (ซิปข้าง) เบอร์ 40', 6, 'ส่งฟรี EMS || รหัส : SH016 || เบอร์รองเท้า : 40 || สี : ดำ || ส้นสูง : 7.5 cm.', '16734587520230124_073113.png', 52, 258, 100, 358, 0, 358, 0, 'เปิดการขาย', 1, '2023-01-24 00:31:13'),
(56, 'รองเท้าบู้ทสูงครึ่งแข้ง (ซิปข้าง) เบอร์ 41', 6, 'ส่งฟรี EMS || รหัส : SH016 || เบอร์รองเท้า : 41 || สี : ดำ || ส้นสูง : 7.5 cm.', '92766602720230124_073135.png', 52, 258, 100, 358, 0, 358, 0, 'เปิดการขาย', 7, '2023-01-24 00:31:36'),
(64, 'ชุด Kamisato Ayaka #GenshinImpact Size S', 5, 'ในชุดประกอบด้วย\r\n▶ เดรส ปกเสื้อ โบว์หลัง เครื่องประดับตามชุด ถุงน่อง หมวก แหวน ประดับผม ||  สัดส่วนชุด ▶ ไหล่ 37 cm. | อก 84 cm. | เอว 68 cm. | ชุดยาว 81 cm.', '110054615820230130_175550.jpg', 644, 3201, 160, 3361, 20, 672.2, 2688.8, 'เปิดการขาย', 32, '2023-01-30 10:55:50'),
(65, 'ชุด Kamisato Ayaka #GenshinImpact Size M', 5, 'ในชุดประกอบด้วย\r\n▶ เดรส ปกเสื้อ โบว์หลัง เครื่องประดับตามชุด ถุงน่อง หมวก แหวน ประดับผม ||  สัดส่วนชุด ▶ ไหล่ 38 cm. | อก 88 cm. | เอว 72 cm. | ชุดยาว 83 cm.', '187472859620230130_175633.jpg', 644, 3201, 160, 3361, 20, 672.2, 2688.8, 'เปิดการขาย', 11, '2023-01-30 10:56:44');

-- --------------------------------------------------------

--
-- Table structure for table `tbl_type`
--

CREATE TABLE `tbl_type` (
  `type_id` int(11) NOT NULL COMMENT 'รหัสประเภทสินค้า',
  `type_name` varchar(100) NOT NULL COMMENT 'ชื่อประเภทสินค้า'
) ENGINE=InnoDB DEFAULT CHARSET=utf8 COLLATE=utf8_general_ci;

--
-- Dumping data for table `tbl_type`
--

INSERT INTO `tbl_type` (`type_id`, `type_name`) VALUES
(1, 'วิก'),
(5, 'เสื้อผ้า'),
(6, 'รองเท้า'),
(7, 'พร็อพ'),
(8, 'อุปกรณ์เสริมสำหรับคอสเพลย์'),
(9, 'คอนแทคเลนส์'),
(10, 'Nendoroid'),
(11, 'สแตนดี้'),
(12, 'เข็มกลัด'),
(13, 'ตุ๊กตา'),
(15, 'เซ็ตสินค้า'),
(17, 'อุปกรณ์คอมพิวเตอร์');

--
-- Indexes for dumped tables
--

--
-- Indexes for table `tbl_bank`
--
ALTER TABLE `tbl_bank`
  ADD PRIMARY KEY (`b_id`);

--
-- Indexes for table `tbl_currency`
--
ALTER TABLE `tbl_currency`
  ADD PRIMARY KEY (`currency_id`);

--
-- Indexes for table `tbl_member`
--
ALTER TABLE `tbl_member`
  ADD PRIMARY KEY (`member_id`);

--
-- Indexes for table `tbl_order`
--
ALTER TABLE `tbl_order`
  ADD PRIMARY KEY (`order_id`);

--
-- Indexes for table `tbl_order_detail`
--
ALTER TABLE `tbl_order_detail`
  ADD PRIMARY KEY (`detail_id`);

--
-- Indexes for table `tbl_product`
--
ALTER TABLE `tbl_product`
  ADD PRIMARY KEY (`p_id`);

--
-- Indexes for table `tbl_type`
--
ALTER TABLE `tbl_type`
  ADD PRIMARY KEY (`type_id`);

--
-- AUTO_INCREMENT for dumped tables
--

--
-- AUTO_INCREMENT for table `tbl_bank`
--
ALTER TABLE `tbl_bank`
  MODIFY `b_id` int(11) NOT NULL AUTO_INCREMENT COMMENT 'ไอดีบัญชีธนาคาร', AUTO_INCREMENT=13;

--
-- AUTO_INCREMENT for table `tbl_currency`
--
ALTER TABLE `tbl_currency`
  MODIFY `currency_id` int(11) NOT NULL AUTO_INCREMENT COMMENT 'ไอดีค่าเงิน', AUTO_INCREMENT=9;

--
-- AUTO_INCREMENT for table `tbl_member`
--
ALTER TABLE `tbl_member`
  MODIFY `member_id` int(11) NOT NULL AUTO_INCREMENT COMMENT 'ไอดีผู้ใช้งาน', AUTO_INCREMENT=30;

--
-- AUTO_INCREMENT for table `tbl_order`
--
ALTER TABLE `tbl_order`
  MODIFY `order_id` int(11) UNSIGNED ZEROFILL NOT NULL AUTO_INCREMENT COMMENT 'ไอดีคำสั่งซื้อ', AUTO_INCREMENT=63;

--
-- AUTO_INCREMENT for table `tbl_order_detail`
--
ALTER TABLE `tbl_order_detail`
  MODIFY `detail_id` int(11) NOT NULL AUTO_INCREMENT COMMENT 'ไอดีรายละเอียดคำสั่งซื้อ', AUTO_INCREMENT=72;

--
-- AUTO_INCREMENT for table `tbl_product`
--
ALTER TABLE `tbl_product`
  MODIFY `p_id` int(11) NOT NULL AUTO_INCREMENT COMMENT 'รหัสสินค้า', AUTO_INCREMENT=70;

--
-- AUTO_INCREMENT for table `tbl_type`
--
ALTER TABLE `tbl_type`
  MODIFY `type_id` int(11) NOT NULL AUTO_INCREMENT COMMENT 'รหัสประเภทสินค้า', AUTO_INCREMENT=105;
COMMIT;

/*!40101 SET CHARACTER_SET_CLIENT=@OLD_CHARACTER_SET_CLIENT */;
/*!40101 SET CHARACTER_SET_RESULTS=@OLD_CHARACTER_SET_RESULTS */;
/*!40101 SET COLLATION_CONNECTION=@OLD_COLLATION_CONNECTION */;
